"File","Line","URL"
"ISM-1902.md","82","https://blueprint.asd.gov.au/design/endpoints/windows/configuration/windows-update-and-patching/"
"ISM-1485.md","55","https://blueprint.asd.gov.au/design/endpoints/windows/security/edge-hardening/"
"ISM-1488.md","93","https://blueprint.asd.gov.au/design/endpoints/windows/security/microsoft-defender/"
"ISM-1488.md","87","https://blueprint.asd.gov.au/design/endpoints/windows/security/microsoft-office-hardening/"
"ISM-1622.md","70","https://blueprint.asd.gov.au/design/endpoints/windows/security/windows-defender-application-control/"
"ISM-1380.md","99","https://blueprint.asd.gov.au/design/overview/considerations/"
"ISM-1585.md","74","https://blueprint.asd.gov.au/design/platform/client/"
"ISM-1544.md","50","https://blueprint.asd.gov.au/design/platform/client/application-management/"
"ISM-1412.md","70","https://blueprint.asd.gov.au/design/platform/client/device-configuration/"
"ISM-1659.md","52","https://blueprint.asd.gov.au/security-and-governance/essential-eight/application-control/"
"ISM-1683.md","74","https://blueprint.asd.gov.au/security-and-governance/essential-eight/multi-factor-authentication/"
"ISM-1704.md","28","https://blueprint.asd.gov.au/security-and-governance/essential-eight/patch-applications/"
"ISM-1703.md","68","https://blueprint.asd.gov.au/security-and-governance/essential-eight/patch-os/"
"ISM-1685.md","75","https://blueprint.asd.gov.au/security-and-governance/essential-eight/restrict-administrative-privileges/"
"ISM-1673.md","63","https://blueprint.asd.gov.au/security-and-governance/essential-eight/restrict-microsoft-office-macros/"
"ISM-1621.md","73","https://blueprint.asd.gov.au/security-and-governance/essential-eight/user-application-hardening/"
"ISM-1486.md","73","https://blueprint.asd.gov.au/security-and-governance/system-security-plan/gateways/"
"ISM-1683.md","73","https://blueprint.asd.gov.au/security-and-governance/system-security-plan/system-hardening-authentication/"
"ISM-1859.md","96","https://blueprint.asd.gov.au/security-and-governance/system-security-plan/system-hardening-user-apps/"
"ISM-1412.md","49","https://github.com/microsoft/Intune-ACSC-Windows-Hardening-Guidelines/blob/main/edge/policies/ACSC%20Edge%20Hardening%20Guidelines.json"
"ISM-1672.md","58","https://github.com/microsoft/Intune-ACSC-Windows-Hardening-Guidelines/blob/main/office/policies/ACSC%20Office%20Hardening%20Guidelines.json"
"ISM-1542.md","94","https://github.com/microsoft/Intune-ACSC-Windows-Hardening-Guidelines/blob/main/office/scripts/OfficeMacroHardening-PreventActivationofOLE-Office2013.ps1"
"ISM-1542.md","37","https://github.com/microsoft/Intune-ACSC-Windows-Hardening-Guidelines/blob/main/office/scripts/OfficeMacroHardening-PreventActivationofOLE.ps1"
"ISM-1672.md","64","https://github.com/microsoft/Intune-ACSC-Windows-Hardening-Guidelines/blob/main/policies/ACSC%20Windows%20Hardening%20Guidelines-Attack%20Surface%20Reduction.json"
"ISM-1655.md","38","https://github.com/microsoft/Intune-ACSC-Windows-Hardening-Guidelines/blob/main/scripts/UserApplicationHardening-RemoveFeatures.ps1"
"ISM-1668.md","53","https://github.com/MicrosoftDocs/defender-docs/blob/public/defender-endpoint/attack-surface-reduction-rules-reference.md"
"ISM-1673.md","65","https://github.com/MicrosoftDocs/defender-docs/blob/public/defender-endpoint/enable-attack-surface-reduction.md"
"ISM-1511.md","70","https://learn.microsoft.com/azure/backup/backup-azure-disk-backup"
"ISM-1511.md","62","https://learn.microsoft.com/azure/backup/backup-center-overview"
"ISM-1690.md","98","https://learn.microsoft.com/en-us/azure/azure-arc/servers/cloud-native/patch-management"
"ISM-1897.md","103","https://learn.microsoft.com/en-us/azure/azure-local/security-book/trustworthy-addition?view=azloc-2512"
"ISM-1511.md","63","https://learn.microsoft.com/en-us/azure/backup/"
"ISM-1811.md","125","https://learn.microsoft.com/en-us/azure/backup/azure-data-lake-storage-backup-overview"
"ISM-1811.md","123","https://learn.microsoft.com/en-us/azure/backup/backup-architecture"
"ISM-1811.md","54","https://learn.microsoft.com/en-us/azure/backup/backup-client-automation"
"ISM-1811.md","53","https://learn.microsoft.com/en-us/azure/backup/backup-windows-with-mars-agent"
"ISM-1698.md","76","https://learn.microsoft.com/en-us/azure/defender-for-cloud/agentless-code-scanning"
"ISM-1698.md","72","https://learn.microsoft.com/en-us/azure/defender-for-cloud/auto-deploy-vulnerability-assessment"
"ISM-1698.md","58","https://learn.microsoft.com/en-us/azure/defender-for-cloud/auto-deploy-vulnerability-assessment-defender-vulnerability-management"
"ISM-1703.md","72","https://learn.microsoft.com/en-us/azure/defender-for-cloud/deploy-vulnerability-assessment-defender-vulnerability-management"
"ISM-1702.md","69","https://learn.microsoft.com/en-us/azure/defender-for-cloud/deploy-vulnerability-assessment-vm"
"ISM-1699.md","70","https://learn.microsoft.com/en-us/azure/defender-for-cloud/transition-to-defender-vulnerability-management"
"ISM-1698.md","71","https://learn.microsoft.com/en-us/azure/operator-nexus/howto-enable-disable-vulnerability-scanning"
"ISM-1811.md","127","https://learn.microsoft.com/en-us/azure/service-fabric/service-fabric-backuprestoreservice-configure-periodic-backup"
"ISM-1876.md","100","https://learn.microsoft.com/en-us/azure/update-manager/overview"
"ISM-1861.md","59","https://learn.microsoft.com/en-us/compliance/anz/e8-admin"
"ISM-1815.md","58","https://learn.microsoft.com/en-us/compliance/anz/e8-app-control"
"ISM-1859.md","31","https://learn.microsoft.com/en-us/compliance/anz/e8-app-hard"
"ISM-1667.md","31","https://learn.microsoft.com/en-us/compliance/anz/e8-app-harden"
"ISM-1811.md","126","https://learn.microsoft.com/en-us/compliance/anz/e8-backups"
"ISM-1542.md","99","https://learn.microsoft.com/en-us/compliance/anz/e8-macro"
"ISM-1504.md","73","https://learn.microsoft.com/en-us/compliance/anz/e8-mfa-configure-authentication-strengths"
"ISM-1504.md","72","https://learn.microsoft.com/en-us/compliance/anz/e8-mfa-configure-conditional-access-policies"
"ISM-1683.md","75","https://learn.microsoft.com/en-us/compliance/anz/e8-mfa-configure-logging"
"ISM-0974.md","87","https://learn.microsoft.com/en-us/compliance/anz/e8-mfa-ism"
"ISM-1683.md","78","https://learn.microsoft.com/en-us/compliance/anz/e8-mfa-maturity-level-2"
"ISM-1872.md","89","https://learn.microsoft.com/en-us/compliance/anz/e8-mfa-maturity-level-3"
"ISM-1872.md","86","https://learn.microsoft.com/en-us/compliance/anz/e8-mfa-windows-linux-servers-legacy-apps"
"ISM-1860.md","68","https://learn.microsoft.com/en-us/compliance/anz/e8-overview"
"ISM-1692.md","32","https://learn.microsoft.com/en-us/compliance/anz/e8-patch-app"
"ISM-1696.md","53","https://learn.microsoft.com/en-us/compliance/anz/e8-patch-os"
"ISM-1692.md","87","https://learn.microsoft.com/en-us/compliance/assurance/assurance-microsoft-365-vulnerability-scanning-and-remediation"
"ISM-1699.md","71","https://learn.microsoft.com/en-us/compliance/assurance/assurance-vulnerability-management"
"ISM-1670.md","71","https://learn.microsoft.com/en-us/defender-endpoint/exploit-protection-reference"
"ISM-1672.md","80","https://learn.microsoft.com/en-us/defender-endpoint/malware/macro-malware"
"ISM-1900.md","56","https://learn.microsoft.com/en-us/defender-endpoint/network-devices"
"ISM-1485.md","67","https://learn.microsoft.com/en-us/defender-endpoint/onboarding-endpoint-manager"
"ISM-1659.md","74","https://learn.microsoft.com/en-us/defender-endpoint/tamper-resiliency"
"ISM-1900.md","54","https://learn.microsoft.com/en-us/defender-vulnerability-management/defender-vulnerability-management"
"ISM-1900.md","52","https://learn.microsoft.com/en-us/defender-vulnerability-management/tvm-hardware-and-firmware"
"ISM-1702.md","63","https://learn.microsoft.com/en-us/defender-vulnerability-management/tvm-weaknesses"
"ISM-1654.md","73","https://learn.microsoft.com/en-us/deployedge/edge-ie-disable-ie11"
"ISM-1654.md","76","https://learn.microsoft.com/en-us/deployedge/edge-learnmore-neededge"
"ISM-1585.md","72","https://learn.microsoft.com/en-us/deployedge/microsoft-edge-enterprise-privacy-settings"
"ISM-1412.md","68","https://learn.microsoft.com/en-us/deployedge/microsoft-edge-security-browse-safer"
"ISM-1810.md","74","https://learn.microsoft.com/en-us/dynamics365/fin-ops-core/dev-itpro/database/database-point-in-time-restore"
"ISM-1173.md","84","https://learn.microsoft.com/en-us/entra/architecture/governance-deployment-privileged-identities"
"ISM-1380.md","105","https://learn.microsoft.com/en-us/entra/architecture/secure-best-practices"
"ISM-1683.md","76","https://learn.microsoft.com/en-us/entra/architecture/security-operations-privileged-accounts"
"ISM-1504.md","77","https://learn.microsoft.com/en-us/entra/fundamentals/security-defaults"
"ISM-1173.md","87","https://learn.microsoft.com/en-us/entra/id-governance/privileged-identity-management/pim-configure"
"ISM-0974.md","86","https://learn.microsoft.com/en-us/entra/identity/authentication/concept-certificate-based-authentication-technical-deep-dive"
"ISM-1504.md","75","https://learn.microsoft.com/en-us/entra/identity/authentication/concept-system-preferred-multifactor-authentication"
"ISM-1872.md","31","https://learn.microsoft.com/en-us/entra/identity/authentication/how-to-deploy-phishing-resistant-passwordless-authentication"
"ISM-0974.md","85","https://learn.microsoft.com/en-us/entra/identity/authentication/how-to-plan-prerequisites-phishing-resistant-passwordless-authentication"
"ISM-1683.md","77","https://learn.microsoft.com/en-us/entra/identity/authentication/howto-mfa-getstarted"
"ISM-1683.md","69","https://learn.microsoft.com/en-us/entra/identity/authentication/howto-mfa-reporting"
"ISM-1872.md","33","https://learn.microsoft.com/en-us/entra/identity/conditional-access/policy-admin-phish-resistant-mfa"
"ISM-1504.md","74","https://learn.microsoft.com/en-us/entra/identity/conditional-access/policy-alt-all-users-compliant-hybrid-or-mfa"
"ISM-1683.md","29","https://learn.microsoft.com/en-us/entra/identity/monitoring-health/howto-access-activity-logs"
"ISM-1685.md","50","https://learn.microsoft.com/en-us/entra/identity/role-based-access-control/security-emergency-access"
"ISM-1173.md","86","https://learn.microsoft.com/en-us/entra/identity/role-based-access-control/security-planning"
"ISM-1872.md","87","https://learn.microsoft.com/en-us/entra/standards/memo-22-09-multi-factor-authentication"
"ISM-0974.md","88","https://learn.microsoft.com/en-us/entra/standards/pci-requirement-8"
"ISM-1693.md","75","https://learn.microsoft.com/en-us/graph/windowsupdates-concept-overview"
"ISM-1902.md","76","https://learn.microsoft.com/en-us/graph/windowsupdates-hotpatch-update"
"ISM-1585.md","75","https://learn.microsoft.com/en-us/intune-education/all-edu-settings-windows"
"ISM-1485.md","69","https://learn.microsoft.com/en-us/intune-education/edu-express-config-settings-windows"
"ISM-1668.md","74","https://learn.microsoft.com/en-us/intune/configmgr/protect/deploy-use/create-deploy-exploit-guard-policy"
"ISM-1693.md","77","https://learn.microsoft.com/en-us/intune/configmgr/sum/deploy-use/third-party-software-update-catalogs"
"ISM-1693.md","76","https://learn.microsoft.com/en-us/intune/configmgr/sum/deploy-use/third-party-software-updates"
"ISM-1621.md","71","https://learn.microsoft.com/en-us/intune/intune-service/apps/intune-management-extension"
"ISM-1412.md","43","https://learn.microsoft.com/en-us/intune/intune-service/apps/mamedge-overview"
"ISM-1412.md","28","https://learn.microsoft.com/en-us/intune/intune-service/apps/manage-microsoft-edge"
"ISM-1859.md","98","https://learn.microsoft.com/en-us/intune/intune-service/apps/manage-microsoft-office"
"ISM-1621.md","70","https://learn.microsoft.com/en-us/intune/intune-service/apps/powershell-scripts"
"ISM-0843.md","35","https://learn.microsoft.com/en-us/intune/intune-service/configuration/custom-profile-hololens"
"ISM-1585.md","73","https://learn.microsoft.com/en-us/intune/intune-service/configuration/device-restrictions-windows-10"
"ISM-1823.md","47","https://learn.microsoft.com/en-us/intune/intune-service/configuration/settings-catalog"
"ISM-1859.md","56","https://learn.microsoft.com/en-us/intune/intune-service/fundamentals/deployment-plan-protect-apps"
"ISM-1897.md","100","https://learn.microsoft.com/en-us/intune/intune-service/protect/endpoint-protection-windows-10"
"ISM-1897.md","99","https://learn.microsoft.com/en-us/intune/intune-service/protect/endpoint-security-account-protection-profile-settings"
"ISM-1668.md","52","https://learn.microsoft.com/en-us/intune/intune-service/protect/endpoint-security-asr-profile-settings"
"ISM-1669.md","68","https://learn.microsoft.com/en-us/intune/intune-service/protect/security-baseline-settings-defender"
"ISM-1486.md","45","https://learn.microsoft.com/en-us/intune/intune-service/protect/security-baseline-settings-mdm-all"
"ISM-1667.md","68","https://learn.microsoft.com/en-us/intune/intune-service/protect/security-baseline-settings-windows-365"
"ISM-1823.md","89","https://learn.microsoft.com/en-us/intune/intune-service/protect/security-baseline-v2-office-settings"
"ISM-1685.md","73","https://learn.microsoft.com/en-us/intune/intune-service/protect/windows-laps-policy#create-a-laps-policy"
"ISM-1690.md","96","https://learn.microsoft.com/en-us/intune/intune-service/protect/zero-trust-secure-devices"
"ISM-1704.md","116","https://learn.microsoft.com/en-us/intune/intune-service/remote-actions/device-retire"
"ISM-1704.md","105","https://learn.microsoft.com/en-us/intune/intune-service/remote-actions/remove-apps-config"
"ISM-1654.md","74","https://learn.microsoft.com/en-us/lifecycle/faq/internet-explorer-microsoft-edge"
"ISM-1696.md","86","https://learn.microsoft.com/en-us/lifecycle/faq/windows"
"ISM-1902.md","50","https://learn.microsoft.com/en-us/mem/configmgr/comanage/overview#microsoft-entra-id"
"ISM-1693.md","80","https://learn.microsoft.com/en-us/microsoft-365-app-certification/docs/seg2_ops"
"ISM-1674.md","107","https://learn.microsoft.com/en-us/microsoft-365-apps/security/internet-macros-blocked"
"ISM-1823.md","93","https://learn.microsoft.com/en-us/microsoft-365/admin/manage/manage-office-scripts-settings?view=o365-worldwide"
"ISM-1173.md","37","https://learn.microsoft.com/en-us/microsoft-365/app-certification/docs/seg2_ops"
"ISM-0974.md","37","https://learn.microsoft.com/en-us/microsoft-365/enterprise/microsoft-365-secure-sign-in?view=o365-worldwide"
"ISM-1173.md","35","https://learn.microsoft.com/en-us/microsoft-365/solutions/empower-people-to-work-remotely-secure-sign-in?view=o365-worldwide"
"ISM-1674.md","67","https://learn.microsoft.com/en-us/microsoft-365/solutions/ransomware-protection-microsoft-365-devices?view=o365-worldwide"
"ISM-1621.md","72","https://learn.microsoft.com/en-us/powershell/module/microsoft.powershell.core/disable-pssessionconfiguration?view=powershell-7.5"
"ISM-1622.md","67","https://learn.microsoft.com/en-us/powershell/module/microsoft.powershell.core/new-pssessionconfigurationfile?view=powershell-7.5"
"ISM-1622.md","66","https://learn.microsoft.com/en-us/powershell/scripting/security/app-control/application-control?view=powershell-7.5"
"ISM-1622.md","65","https://learn.microsoft.com/en-us/powershell/scripting/security/app-control/how-app-control-works?view=powershell-7.5"
"ISM-1621.md","68","https://learn.microsoft.com/en-us/powershell/scripting/security/app-control/how-to-use-app-control?view=powershell-7.5"
"ISM-1824.md","55","https://learn.microsoft.com/en-us/purview/sensitivity-labels-office-apps"
"ISM-1702.md","73","https://learn.microsoft.com/en-us/security-exposure-management/microsoft-security-exposure-management"
"ISM-1696.md","82","https://learn.microsoft.com/en-us/security-updates/securityadvisories/2017/4025685"
"ISM-1486.md","67","https://learn.microsoft.com/en-us/security-updates/securitybulletins/2002/ms02-052"
"ISM-1486.md","46","https://learn.microsoft.com/en-us/security-updates/securitybulletins/2003/ms03-011"
"ISM-1488.md","101","https://learn.microsoft.com/en-us/security-updates/securitybulletins/2007/ms07-014"
"ISM-1488.md","99","https://learn.microsoft.com/en-us/security-updates/securitybulletins/2008/ms08-014"
"ISM-1486.md","71","https://learn.microsoft.com/en-us/security-updates/securitybulletins/2011/ms11-079"
"ISM-1542.md","101","https://learn.microsoft.com/en-us/security-updates/securitybulletins/2014/ms14-064"
"ISM-1860.md","70","https://learn.microsoft.com/en-us/security-updates/securitybulletins/2016/ms16-028"
"ISM-1704.md","112","https://learn.microsoft.com/en-us/security-updates/securitybulletins/2016/ms16-050"
"ISM-1670.md","35","https://learn.microsoft.com/en-us/security-updates/securitybulletins/2016/ms16-102"
"ISM-1704.md","114","https://learn.microsoft.com/en-us/security-updates/securitybulletins/2017/ms17-005"
"ISM-1703.md","76","https://learn.microsoft.com/en-us/security/benchmark/azure/baselines/virtual-machines-windows-virtual-machines-security-baseline"
"ISM-1693.md","78","https://learn.microsoft.com/en-us/security/benchmark/azure/mcsb-posture-vulnerability-management"
"ISM-1811.md","124","https://learn.microsoft.com/en-us/security/benchmark/azure/mcsb-v2-backup-recovery"
"ISM-1872.md","32","https://learn.microsoft.com/en-us/security/benchmark/azure/mcsb-v2-identity-management"
"ISM-1815.md","80","https://learn.microsoft.com/en-us/security/benchmark/azure/mcsb-v2-logging-threat-detection"
"ISM-1699.md","73","https://learn.microsoft.com/en-us/security/benchmark/azure/mcsb-v2-posture-vulnerability-management"
"ISM-1380.md","119","https://learn.microsoft.com/en-us/security/benchmark/azure/mcsb-v2-privileged-access"
"ISM-1693.md","79","https://learn.microsoft.com/en-us/security/benchmark/azure/security-control-vulnerability-management"
"ISM-1690.md","99","https://learn.microsoft.com/en-us/security/benchmark/azure/security-controls-v2-posture-vulnerability-management"
"ISM-1897.md","101","https://learn.microsoft.com/en-us/security/privileged-access-workstations/legacy-privileged-access-devices"
"ISM-1380.md","109","https://learn.microsoft.com/en-us/security/privileged-access-workstations/security-rapid-modernization-plan"
"ISM-1872.md","91","https://learn.microsoft.com/en-us/security/zero-trust/cisa-zero-trust-maturity-model-identity"
"ISM-1173.md","88","https://learn.microsoft.com/en-us/security/zero-trust/zero-trust-identity-device-access-policies-prerequisite"
"ISM-1810.md","68","https://learn.microsoft.com/en-us/sql/sql-server/azure-arc/backup-local?view=sql-server-ver17"
"ISM-1542.md","100","https://learn.microsoft.com/en-us/troubleshoot/microsoft-365-apps/office-suite-issues/control-block-ole-com"
"ISM-1669.md","70","https://learn.microsoft.com/en-us/troubleshoot/microsoft-365-apps/settings/how-to-securely-open-office-documents-that-have-dde-fields"
"ISM-1815.md","77","https://learn.microsoft.com/en-us/troubleshoot/windows-server/group-policy/set-event-log-security-locally-or-via-group-policy"
"ISM-1504.md","45","https://learn.microsoft.com/en-us/volume-licensing-central/learning/mfa/how-to-enable-mfa"
"ISM-1896.md","63","https://learn.microsoft.com/en-us/windows-hardware/design/device-experiences/oem-10s-security"
"ISM-1896.md","48","https://learn.microsoft.com/en-us/windows-hardware/drivers/bringup/device-guard-and-credential-guard"
"ISM-1659.md","73","https://learn.microsoft.com/en-us/windows-hardware/drivers/driversecurity/driver-security-checklist"
"ISM-1896.md","61","https://learn.microsoft.com/en-us/windows-hardware/drivers/driversecurity/implement-hvci-compatible-code"
"ISM-1655.md","33","https://learn.microsoft.com/en-us/windows-hardware/manufacture/desktop/microsoft-net-framework-35-deployment-considerations?view=windows-11"
"ISM-1896.md","60","https://learn.microsoft.com/en-us/windows-hardware/test/hlk/testref/driver-compatibility-with-device-guard"
"ISM-1861.md","34","https://learn.microsoft.com/en-us/windows-iot/iot-enterprise/whats-new/windows-11-iot-enterprise-ltsc-2024"
"ISM-1896.md","69","https://learn.microsoft.com/en-us/windows-security/book/hardware-security-silicon-assisted-security"
"ISM-1896.md","31","https://learn.microsoft.com/en-us/windows-security/hardware-security/enable-virtualization-based-protection-of-code-integrity"
"ISM-1861.md","33","https://learn.microsoft.com/en-us/windows-security/identity-protection/credential-guard/considerations-known-issues"
"ISM-1876.md","98","https://learn.microsoft.com/en-us/windows-server/get-started/hotpatch"
"ISM-1686.md","51","https://learn.microsoft.com/en-us/windows-server/identity/ad-ds/manage/delegated-managed-service-accounts/credential-guard-protected-machine-accounts"
"ISM-0843.md","84","https://learn.microsoft.com/en-us/windows-server/manage/windows-admin-center/use/manage-application-control-infrastructure"
"ISM-1861.md","58","https://learn.microsoft.com/en-us/windows-server/security/credentials-protection-and-management/configuring-additional-lsa-protection"
"ISM-1659.md","75","https://learn.microsoft.com/en-us/windows-server/security/kernel-mode-hardware-stack-protection"
"ISM-1544.md","58","https://learn.microsoft.com/en-us/windows/apps/develop/smart-app-control/overview"
"ISM-1621.md","69","https://learn.microsoft.com/en-us/windows/client-management/client-tools/add-remove-hide-features"
"ISM-1670.md","75","https://learn.microsoft.com/en-us/windows/client-management/mdm/applocker-ddf-file"
"ISM-1815.md","78","https://learn.microsoft.com/en-us/windows/client-management/mdm/policy-csp-admx-eventlog"
"ISM-1815.md","57","https://learn.microsoft.com/en-us/windows/client-management/mdm/policy-csp-admx-eventlogging"
"ISM-1412.md","72","https://learn.microsoft.com/en-us/windows/client-management/mdm/policy-csp-browser"
"ISM-1654.md","75","https://learn.microsoft.com/en-us/windows/client-management/mdm/policy-csp-internetexplorer"
"ISM-1861.md","32","https://learn.microsoft.com/en-us/windows/client-management/mdm/policy-csp-lsa"
"ISM-1704.md","49","https://learn.microsoft.com/en-us/windows/configuration/policy-based-inbox-app-removal/policy-based-inbox-app-removal"
"ISM-1810.md","72","https://learn.microsoft.com/en-us/windows/configuration/windows-backup/"
"ISM-1901.md","52","https://learn.microsoft.com/en-us/windows/deployment/update/waas-wufb-csp-mdm"
"ISM-1696.md","84","https://learn.microsoft.com/en-us/windows/deployment/update/waas-wufb-group-policy"
"ISM-1902.md","74","https://learn.microsoft.com/en-us/windows/deployment/windows-autopatch/manage/windows-autopatch-hotpatch-updates"
"ISM-1692.md","85","https://learn.microsoft.com/en-us/windows/deployment/windows-autopatch/monitor/common-vulnerabilities-exposures-report"
"ISM-1690.md","50","https://learn.microsoft.com/en-us/windows/deployment/windows-autopatch/overview/windows-autopatch-faq"
"ISM-1696.md","88","https://learn.microsoft.com/en-us/windows/iot/iot-enterprise/os-features/updates"
"ISM-1861.md","102","https://learn.microsoft.com/en-us/windows/iot/iot-enterprise/whats-new/windows-11-iot-enterprise-ltsc-2024"
"ISM-1670.md","73","https://learn.microsoft.com/en-us/windows/modern-print/windows-protected-print-mode/more-information-on-windows-protected-print-mode-for-enterprises-and-developers"
"ISM-1876.md","102","https://learn.microsoft.com/en-us/windows/release-health/windows11-release-information"
"ISM-1380.md","103","https://learn.microsoft.com/en-us/windows/security/application-security/application-control/administrator-protection/"
"ISM-0843.md","31","https://learn.microsoft.com/en-us/windows/security/application-security/application-control/app-control-for-business/appcontrol-and-applocker-overview"
"ISM-1671.md","87","https://learn.microsoft.com/en-us/windows/security/application-security/application-control/app-control-for-business/applocker/applocker-overview"
"ISM-1674.md","111","https://learn.microsoft.com/en-us/windows/security/application-security/application-control/app-control-for-business/applocker/create-your-applocker-rules"
"ISM-0843.md","86","https://learn.microsoft.com/en-us/windows/security/application-security/application-control/app-control-for-business/design/appcontrol-wizard"
"ISM-1544.md","56","https://learn.microsoft.com/en-us/windows/security/application-security/application-control/app-control-for-business/design/microsoft-recommended-driver-block-rules"
"ISM-1544.md","60","https://learn.microsoft.com/en-us/windows/security/application-security/application-control/windows-defender-application-control/wdac"
"ISM-1659.md","32","https://learn.microsoft.com/en-us/windows/security/book/application-security-application-and-driver-control"
"ISM-1692.md","86","https://learn.microsoft.com/en-us/windows/security/book/cloud-services-protect-your-work-information"
"ISM-1896.md","29","https://learn.microsoft.com/en-us/windows/security/book/hardware-security-silicon-assisted-security"
"ISM-1686.md","57","https://learn.microsoft.com/en-us/windows/security/identity-protection/credential-guard/"
"ISM-1686.md","49","https://learn.microsoft.com/en-us/windows/security/identity-protection/credential-guard/configure"
"ISM-1897.md","102","https://learn.microsoft.com/en-us/windows/security/identity-protection/credential-guard/considerations-known-issues"
"ISM-1686.md","50","https://learn.microsoft.com/en-us/windows/security/identity-protection/remote-credential-guard"
"ISM-1815.md","56","https://learn.microsoft.com/en-us/windows/security/operating-system-security/device-management/use-windows-event-forwarding-to-assist-in-intrusion-detection"
"ISM-1861.md","99","https://learn.microsoft.com/en-us/windows/security/operating-system-security/system-security/protect-high-value-assets-by-controlling-the-health-of-windows-10-based-devices"
"ISM-0843.md","85","https://learn.microsoft.com/en-us/windows/security/threat-protection/windows-defender-application-control/windows-defender-application-control-deployment-guide"
"ISM-1811.md","122","https://portal.azure.com/#view/Microsoft_Azure_DataProtection/BackupCenterMenuBlade/%7E/overview"
"ISM-1860.md","35","https://www.cve.org/CVERecord?id=CVE-2016-3198"
"ISM-1860.md","36","https://www.cve.org/CVERecord?id=CVE-2016-3203"
"ISM-1702.md","71","https://www.first.org/epss/"
"ISM-1685.md","71","https://www.microsoft.com/download/details.aspx?id=46899"
"ISM-1380.md","113","https://www.microsoft.com/en-us/security/privileged-access-workstations/privileged-access-deployment"
"ISM-1380.md","101","https://www.microsoft.com/en-us/security/privileged-access-workstations/privileged-access-strategy"
"ISM-1655.md","32","https://www.microsoft.com/en-us/windows/business/roadmap"
"ISM-1860.md","72","https://www.wiz.io/vulnerability-database/cve/cve-2025-32451"
